Step,large_model_Train,large_model_Val,medium_model_Train,medium_model_Val,medium_model_w_worddropout_Train,medium_model_w_worddropout_Val,medium_model_w_worddropout2_Train,medium_model_w_worddropout2_Val,small_model_Train,small_model_Val,small_model_wo_skip_Train,small_model_wo_skip_Val
0,4.999322414398193,5.002575874328613,4.638368606567383,4.645814895629883,4.64162540435791,4.646040439605713,4.644124984741211,4.647569179534912,4.506864547729492,4.509121894836426,4.502429008483887,4.510856628417969
10,3.2147367000579834,3.221444606781006,3.3228344917297363,3.326922655105591,3.31459379196167,3.3104162216186523,3.3424386978149414,3.3383984565734863,3.9486680030822754,3.9540436267852783,3.8750319480895996,3.8831489086151123
20,3.0251593589782715,3.0333375930786133,3.079716444015503,3.088620662689209,3.0773327350616455,3.063863754272461,3.1182820796966553,3.1096696853637695,3.721409797668457,3.7276816368103027,3.701223134994507,3.707949161529541
30,2.8715755939483643,2.877944231033325,2.9255106449127197,2.933828353881836,2.934553861618042,2.912503957748413,2.9845123291015625,2.964144706726074,3.5727486610412598,3.578251361846924,3.5910775661468506,3.597627878189087
40,2.7037487030029297,2.7134151458740234,2.7918403148651123,2.8032031059265137,2.8057186603546143,2.769441604614258,2.8773107528686523,2.8514554500579834,3.473482131958008,3.4787039756774902,3.5171053409576416,3.5227880477905273
50,2.5535030364990234,2.567152738571167,2.6587131023406982,2.671496629714966,2.690251350402832,2.639479637145996,2.7728989124298096,2.731767177581787,3.3948633670806885,3.4011380672454834,3.458616018295288,3.464414596557617
60,2.4335286617279053,2.444779634475708,2.5468969345092773,2.561143159866333,2.595738172531128,2.534891366958618,2.6791887283325195,2.6263532638549805,3.325087785720825,3.3319966793060303,3.4118523597717285,3.417665481567383
70,2.3413660526275635,2.3529727458953857,2.453217029571533,2.468308687210083,2.5165302753448486,2.4471445083618164,2.599229097366333,2.539656162261963,3.2583870887756348,3.26474666595459,3.373793840408325,3.3788702487945557
80,2.2745630741119385,2.283644199371338,2.375580072402954,2.390333652496338,2.451535224914551,2.3766584396362305,2.530364513397217,2.463697910308838,3.1920886039733887,3.199162483215332,3.3403820991516113,3.3456640243530273
90,2.2230942249298096,2.231996536254883,2.3154516220092773,2.3283867835998535,2.4015016555786133,2.318021774291992,2.475210189819336,2.400820255279541,3.125727891921997,3.1330392360687256,3.311009407043457,3.3165032863616943
100,2.1822636127471924,2.190171003341675,2.2651278972625732,2.2781450748443604,2.365640878677368,2.2770981788635254,2.428187370300293,2.3490161895751953,3.059652090072632,3.067797899246216,3.286783218383789,3.291970729827881
110,2.150465965270996,2.1573705673217773,2.2239129543304443,2.236417055130005,2.335308790206909,2.2414751052856445,2.390369176864624,2.305650234222412,2.99436092376709,3.002779483795166,3.2658019065856934,3.2708771228790283
120,2.1236624717712402,2.1296889781951904,2.193770170211792,2.203622579574585,2.311699628829956,2.2128021717071533,2.362454891204834,2.271104335784912,2.9320685863494873,2.9408862590789795,3.2479631900787354,3.2531638145446777
130,2.101736545562744,2.1101913452148438,2.168780565261841,2.177949905395508,2.2931127548217773,2.191478967666626,2.338041067123413,2.243485927581787,2.873324394226074,2.8829126358032227,3.2329587936401367,3.238178014755249
140,2.0837814807891846,2.09230375289917,2.147510051727295,2.157500982284546,2.2764949798583984,2.1717591285705566,2.3178319931030273,2.2211685180664062,2.8186514377593994,2.8286962509155273,3.219301462173462,3.225210666656494
150,2.068099021911621,2.0779755115509033,2.130058765411377,2.1391611099243164,2.2645413875579834,2.159008026123047,2.301398515701294,2.201106548309326,2.768127202987671,2.7784650325775146,3.208204746246338,3.2139008045196533
160,2.0556249618530273,2.063237190246582,2.1150078773498535,2.1243112087249756,2.252645969390869,2.145669937133789,2.287543296813965,2.1849424839019775,2.721954584121704,2.731433629989624,3.199310302734375,3.2050716876983643
170,2.0425968170166016,2.0508532524108887,2.1014535427093506,2.1106014251708984,2.2428250312805176,2.1331114768981934,2.2747981548309326,2.1705515384674072,2.6791956424713135,2.688499689102173,3.1913673877716064,3.196847438812256
180,2.031416893005371,2.042205810546875,2.0901269912719727,2.098834276199341,2.2352967262268066,2.1233959197998047,2.2647745609283447,2.15706729888916,2.6386945247650146,2.648667335510254,3.1846859455108643,3.190251111984253
190,2.0212504863739014,2.0316033363342285,2.0791146755218506,2.0884153842926025,2.226386070251465,2.114138603210449,2.2553863525390625,2.1484169960021973,2.6024227142333984,2.6124026775360107,3.1791024208068848,3.1850128173828125
200,2.0102508068084717,2.020362615585327,2.0707595348358154,2.078803062438965,2.218620538711548,2.1053192615509033,2.2469122409820557,2.1356043815612793,2.5688531398773193,2.5781519412994385,3.1737279891967773,3.179471969604492
210,2.0000481605529785,2.011389970779419,2.0612523555755615,2.0695135593414307,2.2110342979431152,2.098841905593872,2.2391154766082764,2.128469467163086,2.538118362426758,2.5465879440307617,3.1697919368743896,3.1756598949432373
220,1.9894366264343262,1.9998458623886108,2.053431749343872,2.062343120574951,2.204838752746582,2.0894839763641357,2.2316088676452637,2.120297431945801,2.5102617740631104,2.517993927001953,3.1661536693573,3.172096014022827
230,1.9782110452651978,1.9899241924285889,2.0447921752929688,2.0546340942382812,2.1989636421203613,2.0854663848876953,2.224644184112549,2.1130001544952393,2.484511375427246,2.4923882484436035,3.162984609603882,3.1689765453338623
240,1.9671196937561035,1.9790778160095215,2.037970781326294,2.04732084274292,2.1932644844055176,2.076539993286133,2.2188069820404053,2.1056671142578125,2.459644317626953,2.4680016040802,3.1600751876831055,3.1665234565734863
250,1.953914761543274,1.9665080308914185,2.0310964584350586,2.0413811206817627,2.1864936351776123,2.0680196285247803,2.2130374908447266,2.100203037261963,2.437185525894165,2.444570541381836,3.157883882522583,3.164048194885254
260,1.9406802654266357,1.9537532329559326,2.024685859680176,2.0343587398529053,2.1809144020080566,2.0645251274108887,2.2078816890716553,2.0939290523529053,2.415998935699463,2.423309564590454,3.1560757160186768,3.162102460861206
270,1.927038550376892,1.9399102926254272,2.0176329612731934,2.028869152069092,2.175436496734619,2.057992458343506,2.20288348197937,2.088437080383301,2.3960180282592773,2.4031338691711426,3.1541216373443604,3.1601035594940186
280,1.9123330116271973,1.9270789623260498,2.0108606815338135,2.0223472118377686,2.17167592048645,2.051663398742676,2.1969504356384277,2.0820090770721436,2.3777432441711426,2.3835010528564453,3.152439594268799,3.1584832668304443
290,1.8981038331985474,1.912215232849121,2.0035321712493896,2.0140371322631836,2.1643033027648926,2.0447511672973633,2.19108510017395,2.075186014175415,2.3600494861602783,2.3674187660217285,3.150923490524292,3.157169818878174
300,1.8825857639312744,1.8969088792800903,1.9989001750946045,2.0095696449279785,2.1585984230041504,2.0375430583953857,2.1880042552948,2.0710744857788086,2.3442139625549316,2.3499250411987305,3.1498754024505615,3.1554620265960693
310,1.8667694330215454,1.8826452493667603,1.9914988279342651,2.002546548843384,2.1518685817718506,2.030710220336914,2.1820621490478516,2.0670039653778076,2.328014373779297,2.334322690963745,3.1481122970581055,3.1546685695648193
320,1.8475843667984009,1.8632850646972656,1.9840754270553589,1.9949573278427124,2.145684242248535,2.0247621536254883,2.177255868911743,2.0580861568450928,2.3138132095336914,2.319876194000244,3.1468396186828613,3.153205156326294
330,1.8290055990219116,1.845352053642273,1.9781312942504883,1.989251732826233,2.140286922454834,2.0177736282348633,2.173041343688965,2.054006576538086,2.300723075866699,2.3067150115966797,3.1463348865509033,3.152862548828125
340,1.808498501777649,1.8253957033157349,1.9710829257965088,1.981626272201538,2.134092330932617,2.01008677482605,2.1678926944732666,2.049323320388794,2.28762149810791,2.294293165206909,3.145012140274048,3.151972770690918
350,1.7867858409881592,1.8036330938339233,1.9645718336105347,1.976412296295166,2.125821113586426,2.0026772022247314,2.163677453994751,2.0457146167755127,2.275094985961914,2.2808942794799805,3.1436636447906494,3.150726079940796
360,1.7618803977966309,1.7797455787658691,1.956847071647644,1.967909812927246,2.119051456451416,1.9934754371643066,2.158291816711426,2.0381510257720947,2.264639377593994,2.2700772285461426,3.1437418460845947,3.150219202041626
370,1.7330694198608398,1.752682089805603,1.9497734308242798,1.9614170789718628,2.112273931503296,1.9853402376174927,2.153921604156494,2.033512830734253,2.253732681274414,2.2592062950134277,3.1426448822021484,3.1494228839874268
380,1.698069453239441,1.7176557779312134,1.9408628940582275,1.9521206617355347,2.1036105155944824,1.9762465953826904,2.14849853515625,2.0269200801849365,2.2443952560424805,2.2493810653686523,3.1422955989837646,3.1487460136413574
390,1.658302664756775,1.6795358657836914,1.932193398475647,1.9437925815582275,2.094158887863159,1.964892864227295,2.1429646015167236,2.0205907821655273,2.233661413192749,2.239922523498535,3.1415185928344727,3.147946834564209
400,1.614097237586975,1.6333144903182983,1.9222922325134277,1.934656023979187,2.0857908725738525,1.9541088342666626,2.1362414360046387,2.0140159130096436,2.2246997356414795,2.2313573360443115,3.1411612033843994,3.1479547023773193
410,1.562677025794983,1.5834405422210693,1.913232445716858,1.9257923364639282,2.0757317543029785,1.9430269002914429,2.130671739578247,2.0096182823181152,2.2158761024475098,2.2220847606658936,3.139775037765503,3.1471145153045654
420,1.499947190284729,1.5236842632293701,1.9026943445205688,1.9158837795257568,2.0675299167633057,1.9322704076766968,2.1240885257720947,2.002322196960449,2.208052396774292,2.2141709327697754,3.139793634414673,3.146416664123535
430,1.4347546100616455,1.457890272140503,1.8923546075820923,1.9048702716827393,2.057784080505371,1.920403003692627,2.119403600692749,1.9946720600128174,2.201159954071045,2.2065064907073975,3.1394989490509033,3.146437883377075
440,1.3588680028915405,1.3830777406692505,1.8813445568084717,1.8940911293029785,2.0466763973236084,1.9080296754837036,2.1130645275115967,1.9866299629211426,2.1922199726104736,2.198866844177246,3.1394901275634766,3.146275043487549
450,1.2775092124938965,1.302819013595581,1.8691099882125854,1.8826184272766113,2.0356180667877197,1.8955605030059814,2.1050493717193604,1.9789414405822754,2.1853463649749756,2.1920738220214844,3.138543128967285,3.1457228660583496
460,1.1995387077331543,1.2250267267227173,1.8580033779144287,1.8719663619995117,2.023308515548706,1.8798147439956665,2.0982182025909424,1.973177194595337,2.1788039207458496,2.1849215030670166,3.1379919052124023,3.1452136039733887
470,1.1224747896194458,1.1480640172958374,1.8440918922424316,1.857245922088623,2.0101261138916016,1.8637210130691528,2.0906026363372803,1.9596589803695679,2.171847343444824,2.178140163421631,3.137582302093506,3.144759178161621
480,1.0400432348251343,1.0662026405334473,1.829824686050415,1.8439429998397827,1.9947667121887207,1.8466187715530396,2.082714796066284,1.9500480890274048,2.165539026260376,2.172762155532837,3.137274742126465,3.1442129611968994
490,0.9726919531822205,0.9975610971450806,1.8149971961975098,1.8286176919937134,1.9787390232086182,1.8280833959579468,2.0751023292541504,1.9418978691101074,2.16033935546875,2.1659862995147705,3.1364660263061523,3.143612861633301
500,0.9039232730865479,0.9279891848564148,1.796913504600525,1.8113778829574585,1.9596078395843506,1.806077003479004,2.0652410984039307,1.9313567876815796,2.1540627479553223,2.16081166267395,3.136420249938965,3.144202470779419
510,0.8429998755455017,0.865531325340271,1.777501106262207,1.7927440404891968,1.9364516735076904,1.7776374816894531,2.0565805435180664,1.9200119972229004,2.1481003761291504,2.155226230621338,3.1364634037017822,3.1438074111938477
520,0.7838618755340576,0.806643009185791,1.7558304071426392,1.7717128992080688,1.9122798442840576,1.7474545240402222,2.0471363067626953,1.910400390625,2.143178939819336,2.1494650840759277,3.1359314918518066,3.1430411338806152
530,0.7395979166030884,0.7605777978897095,1.7295219898223877,1.7463830709457397,1.8810718059539795,1.7089985609054565,2.0371270179748535,1.8992066383361816,2.1387789249420166,2.1453795433044434,3.136125087738037,3.1430325508117676
540,0.6959344744682312,0.7159662842750549,1.696730375289917,1.712568998336792,1.84480619430542,1.6660881042480469,2.027468681335449,1.8854475021362305,2.1329140663146973,2.139983892440796,3.1353867053985596,3.142456293106079
550,0.65496826171875,0.6726158857345581,1.661318302154541,1.677460789680481,1.8035327196121216,1.6139689683914185,2.0171499252319336,1.8718197345733643,2.127979040145874,2.135305643081665,3.1350347995758057,3.1423025131225586
560,0.6199626326560974,0.6377675533294678,1.6145662069320679,1.6321702003479004,1.754442572593689,1.5547115802764893,2.003796100616455,1.8570365905761719,2.12331223487854,2.1304445266723633,3.1348390579223633,3.142200231552124
570,0.592477023601532,0.6089866757392883,1.561999797821045,1.5779629945755005,1.6950076818466187,1.483483910560608,1.9912266731262207,1.8426032066345215,2.118438959121704,2.124093532562256,3.1346588134765625,3.142294406890869
580,0.5637761950492859,0.5815808773040771,1.492830514907837,1.5096821784973145,1.6324104070663452,1.4048638343811035,1.9735689163208008,1.8222523927688599,2.113645553588867,2.120600700378418,3.1339423656463623,3.1412758827209473
590,0.5433205962181091,0.5602720379829407,1.4156615734100342,1.4318870306015015,1.565828800201416,1.3252573013305664,1.9565907716751099,1.8021454811096191,2.109152317047119,2.116147994995117,3.1337811946868896,3.1413509845733643
600,0.5243738293647766,0.5404766201972961,1.3310966491699219,1.3451871871948242,1.4982993602752686,1.2460732460021973,1.937158226966858,1.7781856060028076,2.1055448055267334,2.1124236583709717,3.1342039108276367,3.1410951614379883
610,0.5071737766265869,0.5211086869239807,1.2432456016540527,1.25761079788208,1.4346543550491333,1.1658879518508911,1.9120078086853027,1.7478642463684082,2.100487470626831,2.1078498363494873,3.133793354034424,3.1410906314849854
620,0.4905267655849457,0.5052952766418457,1.1557583808898926,1.1710536479949951,1.3622761964797974,1.0890506505966187,1.8831695318222046,1.712854027748108,2.097233533859253,2.103527784347534,3.1336963176727295,3.1410775184631348
630,0.47766077518463135,0.49169936776161194,1.073771595954895,1.0887763500213623,1.3063312768936157,1.0219295024871826,1.850866436958313,1.6735351085662842,2.0923428535461426,2.0997891426086426,3.1326403617858887,3.1398916244506836
640,0.4677990674972534,0.4811040461063385,0.9986158609390259,1.0131690502166748,1.2519383430480957,0.9569764733314514,1.8120810985565186,1.6255600452423096,2.087928533554077,2.0956075191497803,3.1328070163726807,3.1404285430908203
650,0.45308616757392883,0.4666973054409027,0.9288510680198669,0.9439279437065125,1.2019202709197998,0.9079458713531494,1.7660996913909912,1.5667942762374878,2.0842719078063965,2.0921339988708496,3.132659912109375,3.1401455402374268
660,0.444810152053833,0.4569573998451233,0.8677107095718384,0.8822345733642578,1.1594407558441162,0.8552591800689697,1.7142311334609985,1.5046789646148682,2.080077886581421,2.0873241424560547,3.1326894760131836,3.1398046016693115
670,0.43512699007987976,0.44778212904930115,0.8126623630523682,0.8273386359214783,1.118428349494934,0.8103199005126953,1.6575392484664917,1.4359092712402344,2.075683116912842,2.0829591751098633,3.131221055984497,3.1390368938446045
680,0.42821991443634033,0.4413391947746277,0.764112114906311,0.7794041633605957,1.0820854902267456,0.772732675075531,1.5997307300567627,1.3672311305999756,2.0721209049224854,2.078498125076294,3.1316978931427,3.1382689476013184
690,0.4220285713672638,0.4341484308242798,0.7262622714042664,0.7408245801925659,1.0491029024124146,0.7365100979804993,1.54277765750885,1.2971359491348267,2.0679526329040527,2.076462745666504,3.129732370376587,3.13710880279541
700,0.414155513048172,0.42650261521339417,0.6899082660675049,0.7037555575370789,1.017837643623352,0.704362690448761,1.4813385009765625,1.2236933708190918,2.0639097690582275,2.0711100101470947,3.121824026107788,3.1287078857421875
710,0.4077643156051636,0.4195724129676819,0.6602511405944824,0.6735804677009583,0.9865062832832336,0.677463710308075,1.425449252128601,1.1553534269332886,2.06001353263855,2.067981004714966,3.0838141441345215,3.0911800861358643
720,0.4030250906944275,0.4151686728000641,0.6329985857009888,0.6467998027801514,0.9614729881286621,0.6516088843345642,1.3676034212112427,1.0923887491226196,2.0558483600616455,2.064852714538574,3.029775619506836,3.039645195007324
730,0.3974079191684723,0.40961480140686035,0.6102673411369324,0.623542070388794,0.937979519367218,0.6306711435317993,1.3224519491195679,1.0355305671691895,2.0513741970062256,2.060325860977173,2.9932708740234375,3.0047788619995117
740,0.3931849002838135,0.4050241708755493,0.589406430721283,0.6031403541564941,0.9139676094055176,0.6076428294181824,1.268334150314331,0.9792720079421997,2.0474038124084473,2.055466890335083,2.966196298599243,2.977926731109619
750,0.3880859613418579,0.3993197977542877,0.5707705020904541,0.5830392241477966,0.8913230895996094,0.5907439589500427,1.2246628999710083,0.9273389577865601,2.0435304641723633,2.0516769886016846,2.953634738922119,2.966560125350952
760,0.38611021637916565,0.396829754114151,0.5551108121871948,0.5683591365814209,0.8743714690208435,0.5768661499023438,1.185514211654663,0.8846086263656616,2.040095806121826,2.0485336780548096,2.948248863220215,2.9609949588775635
770,0.3818134665489197,0.3933025598526001,0.5423833727836609,0.5548610091209412,0.8594420552253723,0.5641264319419861,1.148706316947937,0.8410879373550415,2.0350663661956787,2.0438272953033447,2.9422528743743896,2.954342842102051
780,0.37923023104667664,0.39039650559425354,0.5302979350090027,0.5429584980010986,0.8414051532745361,0.5481787323951721,1.115382194519043,0.8049497008323669,2.031461477279663,2.040191888809204,2.937119245529175,2.948366403579712
790,0.37630587816238403,0.387910932302475,0.5186574459075928,0.5306947827339172,0.8311901092529297,0.540565550327301,1.079984188079834,0.7691732048988342,2.027296304702759,2.035484552383423,2.9325673580169678,2.9439749717712402
800,0.37347835302352905,0.38533785939216614,0.5045117735862732,0.5163000226020813,0.8160706162452698,0.5333782434463501,1.0529894828796387,0.7414457201957703,2.0228159427642822,2.0318922996520996,2.9242753982543945,2.936772346496582
810,0.37169405817985535,0.3824089765548706,0.4947552978992462,0.5063770413398743,0.8030722141265869,0.5209795236587524,1.0247211456298828,0.7121384143829346,2.0189034938812256,2.0278897285461426,2.9164388179779053,2.9284417629241943
820,0.368584543466568,0.3804165720939636,0.4889662563800812,0.5003613829612732,0.7936692237854004,0.5136051774024963,1.0021533966064453,0.690075695514679,2.013937473297119,2.0236220359802246,2.9039807319641113,2.915879726409912
830,0.3668771982192993,0.37828314304351807,0.47917723655700684,0.49036040902137756,0.7790254950523376,0.5086469054222107,0.9774779677391052,0.6669666171073914,2.0105080604553223,2.018979549407959,2.8898236751556396,2.9020919799804688
840,0.3640348017215729,0.3754951059818268,0.4668736755847931,0.4785253405570984,0.7717082500457764,0.5052623152732849,0.9555599093437195,0.6447420716285706,2.0056052207946777,2.0149989128112793,2.8708901405334473,2.8829233646392822
850,0.362548291683197,0.3740277886390686,0.46007686853408813,0.47085410356521606,0.7609696984291077,0.4981449842453003,0.9335451722145081,0.6235624551773071,2.0009894371032715,2.010848045349121,2.854907512664795,2.866405725479126
860,0.3612951636314392,0.37209606170654297,0.4532720148563385,0.4645357131958008,0.749980628490448,0.4921393096446991,0.9187625646591187,0.6083599328994751,1.9964123964309692,2.005678653717041,2.8358259201049805,2.846182346343994
870,0.35975998640060425,0.3707076907157898,0.44477903842926025,0.4554133713245392,0.7432003617286682,0.48617222905158997,0.9016797542572021,0.5967364311218262,1.9914394617080688,2.0015063285827637,2.8172290325164795,2.8270907402038574
880,0.35783958435058594,0.36992451548576355,0.4403080642223358,0.449814110994339,0.7365996837615967,0.4841773211956024,0.8881031274795532,0.5798749327659607,1.9868226051330566,1.996443748474121,2.7906808853149414,2.7989249229431152
890,0.35597294569015503,0.36717459559440613,0.4360329508781433,0.4459216594696045,0.7241327166557312,0.47918373346328735,0.8682515025138855,0.5715758800506592,1.9811691045761108,1.992079496383667,2.768230676651001,2.7763051986694336
900,0.3560561239719391,0.36735403537750244,0.43376702070236206,0.4425544738769531,0.7179896831512451,0.4751119613647461,0.8552916049957275,0.563729465007782,1.9761321544647217,1.9862865209579468,2.747037887573242,2.754331111907959
910,0.35423004627227783,0.3650696277618408,0.4274359941482544,0.43707260489463806,0.7125579118728638,0.47398608922958374,0.8435741662979126,0.5525434613227844,1.971372127532959,1.980797529220581,2.722379684448242,2.7290050983428955
920,0.3536701202392578,0.3649849593639374,0.4236873984336853,0.43393009901046753,0.7073028087615967,0.4710310995578766,0.831779956817627,0.5425668954849243,1.9640880823135376,1.9749614000320435,2.6899523735046387,2.6965389251708984
930,0.35245972871780396,0.3638208508491516,0.41851454973220825,0.42884331941604614,0.6972755193710327,0.4642397165298462,0.8193313479423523,0.5369631052017212,1.9595866203308105,1.9694082736968994,2.6641721725463867,2.6717898845672607
940,0.3515389561653137,0.3628541827201843,0.4169706702232361,0.42700377106666565,0.6877212524414062,0.4610033333301544,0.809518039226532,0.5291639566421509,1.9538325071334839,1.9644414186477661,2.6427717208862305,2.6496927738189697
950,0.35066601634025574,0.36256512999534607,0.41349154710769653,0.4232317805290222,0.6834024786949158,0.45595550537109375,0.7989276051521301,0.5221600532531738,1.9461495876312256,1.9570226669311523,2.6252171993255615,2.63346791267395
960,0.34998619556427,0.36097222566604614,0.4072597622871399,0.4178354740142822,0.6779348850250244,0.4557216167449951,0.787456750869751,0.5153255462646484,1.9385892152786255,1.9490115642547607,2.6105093955993652,2.618619680404663
970,0.3492906987667084,0.36090168356895447,0.4066000282764435,0.4164397120475769,0.6725537776947021,0.4528578817844391,0.7811150550842285,0.5127604007720947,1.9305126667022705,1.9412450790405273,2.5972108840942383,2.605365514755249
980,0.3482379615306854,0.3598982095718384,0.40098515152931213,0.4112588167190552,0.6630190014839172,0.4503662586212158,0.7709540724754333,0.5074493288993835,1.92256760597229,1.9337960481643677,2.5861852169036865,2.5943024158477783
990,0.34724563360214233,0.35927489399909973,0.39791879057884216,0.40803614258766174,0.6621792316436768,0.44909676909446716,0.7651841640472412,0.5028817653656006,1.9130859375,1.9241187572479248,2.5764288902282715,2.5854244232177734
1000,0.34659022092819214,0.3588497042655945,0.3955191373825073,0.40491142868995667,0.6534473299980164,0.44554978609085083,0.7569644451141357,0.49673712253570557,1.9017714262008667,1.911918044090271,2.566378116607666,2.5740914344787598
1010,0.3462073802947998,0.3576591908931732,0.39596426486968994,0.4055349826812744,0.6465789079666138,0.4409453868865967,0.7498629689216614,0.4915759563446045,1.8878003358840942,1.8995059728622437,2.553584337234497,2.5616278648376465
1020,0.3453512489795685,0.35719799995422363,0.39605048298835754,0.40674540400505066,0.6451470851898193,0.439620703458786,0.7380068898200989,0.4888722896575928,1.8726190328598022,1.8831079006195068,2.5427939891815186,2.550868034362793
1030,0.3449726998806,0.35634127259254456,0.391702800989151,0.401606947183609,0.6374235153198242,0.4369945824146271,0.7329974174499512,0.48195284605026245,1.8543791770935059,1.8656928539276123,2.5293776988983154,2.5385854244232178
1040,0.3443659842014313,0.35587531328201294,0.3893127739429474,0.3984611928462982,0.6319918632507324,0.4362259805202484,0.7296507954597473,0.48041754961013794,1.8316060304641724,1.8422285318374634,2.5175228118896484,2.5234718322753906
1050,0.34255775809288025,0.35504910349845886,0.3871161639690399,0.39601272344589233,0.6284699440002441,0.43463772535324097,0.7178388833999634,0.4741877317428589,1.80571711063385,1.8160858154296875,2.5080690383911133,2.5159289836883545
1060,0.34357374906539917,0.3561601936817169,0.38757288455963135,0.39650464057922363,0.6253607273101807,0.43267929553985596,0.7115783095359802,0.471902459859848,1.7734261751174927,1.7850966453552246,2.497512102127075,2.5062835216522217
1070,0.34249305725097656,0.35502034425735474,0.3835083842277527,0.39233580231666565,0.6232341527938843,0.4336586892604828,0.7068118453025818,0.47071418166160583,1.7364706993103027,1.7464745044708252,2.4875450134277344,2.4952445030212402
1080,0.3431062698364258,0.3544953465461731,0.38296055793762207,0.3913232088088989,0.6187337636947632,0.4324726164340973,0.7003530859947205,0.4663804769515991,1.6935436725616455,1.7016962766647339,2.4815561771392822,2.489652395248413
1090,0.3420948088169098,0.3544347286224365,0.3818114399909973,0.39113524556159973,0.6129199266433716,0.4297610819339752,0.6950109601020813,0.4669158160686493,1.6453181505203247,1.6535342931747437,2.474233627319336,2.483649492263794
1100,0.34151530265808105,0.3544122278690338,0.38212451338768005,0.39099109172821045,0.6080235838890076,0.4295753538608551,0.6874263286590576,0.4624454379081726,1.5923863649368286,1.598730206489563,2.4670183658599854,2.4757583141326904
1110,0.3412874937057495,0.35345661640167236,0.38154464960098267,0.39072251319885254,0.6101797223091125,0.4295133650302887,0.6875357031822205,0.46195879578590393,1.540382981300354,1.5458061695098877,2.4611122608184814,2.4706640243530273
1120,0.3405207693576813,0.3525083065032959,0.3773658275604248,0.3860420286655426,0.6053482294082642,0.4280012845993042,0.6799727082252502,0.4583830237388611,1.4832295179367065,1.4872965812683105,2.4557526111602783,2.4645228385925293
1130,0.34072449803352356,0.3520478904247284,0.376851350069046,0.3858036696910858,0.5998409390449524,0.4260086119174957,0.6772934794425964,0.456537663936615,1.424292802810669,1.4272072315216064,2.449533462524414,2.4590320587158203
1140,0.34009379148483276,0.3521788716316223,0.37674805521965027,0.3858242332935333,0.5979774594306946,0.42498233914375305,0.6703230142593384,0.454711377620697,1.369258999824524,1.3717334270477295,2.442976951599121,2.453716993331909
1150,0.3394729495048523,0.3521294891834259,0.37709686160087585,0.38534078001976013,0.594952404499054,0.4248062074184418,0.6686815023422241,0.45193877816200256,1.3117015361785889,1.313533902168274,2.4419684410095215,2.451740264892578
1160,0.3390044867992401,0.3516460359096527,0.3740205764770508,0.38363221287727356,0.5911976099014282,0.4245908856391907,0.6594055891036987,0.4497869908809662,1.2539517879486084,1.2548829317092896,2.4343433380126953,2.444009304046631
1170,0.33958199620246887,0.35128459334373474,0.3740712106227875,0.38234779238700867,0.5894296169281006,0.42422857880592346,0.6565698981285095,0.44713711738586426,1.2013109922409058,1.2018741369247437,2.4307610988616943,2.441053628921509
1180,0.3386542499065399,0.3501107692718506,0.37691351771354675,0.3853341341018677,0.5874139666557312,0.4226720333099365,0.6499770879745483,0.44540122151374817,1.1488585472106934,1.1495205163955688,2.427795171737671,2.438748836517334
1190,0.3384322226047516,0.35048481822013855,0.37126845121383667,0.38028624653816223,0.5853363275527954,0.4227393865585327,0.646649181842804,0.4432733654975891,1.1044114828109741,1.106567144393921,2.4236555099487305,2.435147285461426
1200,0.33818504214286804,0.3501773178577423,0.3713870644569397,0.380037397146225,0.5814077258110046,0.42098602652549744,0.6424519419670105,0.4429354965686798,1.0572400093078613,1.058483600616455,2.4197397232055664,2.430375337600708
1210,0.33735722303390503,0.35016685724258423,0.3698188364505768,0.3785533905029297,0.5808514952659607,0.42029091715812683,0.6368842124938965,0.439205139875412,1.0167033672332764,1.0184342861175537,2.4180290699005127,2.429297685623169
1220,0.33744052052497864,0.34926819801330566,0.36854422092437744,0.37691032886505127,0.5776183605194092,0.42117273807525635,0.6358798742294312,0.4413459300994873,0.9802988171577454,0.9822810888290405,2.4147040843963623,2.4254770278930664
1230,0.3372111916542053,0.34866636991500854,0.36731329560279846,0.3758890926837921,0.5748518705368042,0.4193781912326813,0.6314871907234192,0.4401119649410248,0.9470652937889099,0.9495857357978821,2.4102683067321777,2.4208619594573975
1240,0.3370758891105652,0.34914517402648926,0.36597999930381775,0.3758450448513031,0.5725827217102051,0.4196080267429352,0.6279102563858032,0.43867865204811096,0.9140344262123108,0.9170570373535156,2.409785509109497,2.420914649963379
1250,0.33684074878692627,0.34829390048980713,0.3633350133895874,0.3720847964286804,0.5701557993888855,0.4187568724155426,0.6262235045433044,0.43893513083457947,0.8863499164581299,0.8895751237869263,2.4035391807556152,2.4148905277252197
1260,0.33663567900657654,0.348396897315979,0.3640548586845398,0.3728145658969879,0.5671331286430359,0.41843780875205994,0.621757984161377,0.43556416034698486,0.8589242696762085,0.861991286277771,2.4004781246185303,2.4115800857543945
1270,0.33659684658050537,0.3489265441894531,0.36473965644836426,0.3729895353317261,0.5649888515472412,0.4173165261745453,0.6194904446601868,0.43733689188957214,0.832571804523468,0.8373110890388489,2.396209955215454,2.4083125591278076
1280,0.33638235926628113,0.34811460971832275,0.36062517762184143,0.3691932260990143,0.5651558041572571,0.4165644943714142,0.6145294308662415,0.4339655935764313,0.8142573833465576,0.817756175994873,2.39335560798645,2.4049198627471924
1290,0.33610060811042786,0.34740039706230164,0.3609824776649475,0.3689427077770233,0.5637274384498596,0.41801831126213074,0.6138107180595398,0.4331362247467041,0.7894691228866577,0.7947404384613037,2.3918824195861816,2.4041545391082764
1300,0.33526575565338135,0.34742534160614014,0.3589962124824524,0.367928147315979,0.5615119338035583,0.4158841371536255,0.6090035438537598,0.43355536460876465,0.7721701264381409,0.77727210521698,2.38515567779541,2.397089958190918
1310,0.33543381094932556,0.3469172716140747,0.35883668065071106,0.3670801520347595,0.5593962073326111,0.41632166504859924,0.6089733839035034,0.43238866329193115,0.7525697350502014,0.7590559124946594,2.381803035736084,2.3938374519348145
1320,0.33558282256126404,0.34735164046287537,0.35748398303985596,0.36541202664375305,0.5569429993629456,0.4149976968765259,0.6079003214836121,0.4322283864021301,0.7331234812736511,0.7395998239517212,2.378122091293335,2.3900814056396484
1330,0.335182785987854,0.34689080715179443,0.35732391476631165,0.36579176783561707,0.5536637902259827,0.41463756561279297,0.60245281457901,0.43171268701553345,0.7200167179107666,0.7263274192810059,2.375779628753662,2.3885037899017334
1340,0.33512717485427856,0.3472011089324951,0.356148898601532,0.36496350169181824,0.5521339178085327,0.4153849482536316,0.6021921634674072,0.431466668844223,0.7080473303794861,0.7151003479957581,2.37221360206604,2.382878303527832
1350,0.33505764603614807,0.34792014956474304,0.35563498735427856,0.36455878615379333,0.5522890686988831,0.4139951765537262,0.5963037014007568,0.42884621024131775,0.6919529438018799,0.6983988285064697,2.3672049045562744,2.3782973289489746
1360,0.33398354053497314,0.34673458337783813,0.35475632548332214,0.3628205955028534,0.5510408282279968,0.4130060076713562,0.5969363451004028,0.4287183880805969,0.6800974011421204,0.6869967579841614,2.362283229827881,2.374638319015503
1370,0.3347666561603546,0.3476148545742035,0.3559457063674927,0.3639916181564331,0.5487654805183411,0.4135463237762451,0.5932673811912537,0.4279150664806366,0.6690832376480103,0.6763193011283875,2.3593595027923584,2.3708226680755615
1380,0.33454352617263794,0.3460341989994049,0.35353705286979675,0.3615134060382843,0.5488387942314148,0.41433337330818176,0.5939121246337891,0.4278516471385956,0.656848669052124,0.6632734537124634,2.355229139328003,2.365943193435669
1390,0.3348484933376312,0.34631529450416565,0.3543899953365326,0.36161985993385315,0.5442123413085938,0.41301605105400085,0.5901393890380859,0.4262927770614624,0.6464129090309143,0.6529809832572937,2.3546361923217773,2.365584135055542
1400,0.33384954929351807,0.34637850522994995,0.35305941104888916,0.36066338419914246,0.5436079502105713,0.4133308529853821,0.5874406099319458,0.42609599232673645,0.6356229186058044,0.6418963670730591,2.3457748889923096,2.356207847595215
1410,0.3341579735279083,0.3458666205406189,0.35244202613830566,0.3608688712120056,0.5430662035942078,0.41201096773147583,0.5851691365242004,0.4256400763988495,0.6269213557243347,0.635093092918396,2.3444221019744873,2.3546149730682373
1420,0.33353671431541443,0.3452070653438568,0.353176474571228,0.36126935482025146,0.5414666533470154,0.41125500202178955,0.5820620059967041,0.42422157526016235,0.6244411468505859,0.6309946179389954,2.3399693965911865,2.3505911827087402
1430,0.33350321650505066,0.34587562084198,0.3520893156528473,0.36033380031585693,0.5398222208023071,0.4115045666694641,0.5810067057609558,0.424346923828125,0.6110839247703552,0.6198842525482178,2.33682918548584,2.347435474395752
1440,0.33359295129776,0.34531623125076294,0.3535134792327881,0.36132171750068665,0.5394120216369629,0.4117887616157532,0.579187273979187,0.4246414601802826,0.6028460264205933,0.6110190749168396,2.334566831588745,2.3453986644744873
1450,0.3334183394908905,0.3454614579677582,0.35184720158576965,0.3603576719760895,0.5394640564918518,0.4112367331981659,0.5788243412971497,0.42485398054122925,0.5941362977027893,0.6028985381126404,2.328974723815918,2.33998441696167
1460,0.3323150873184204,0.34481140971183777,0.35249871015548706,0.35985031723976135,0.5363097786903381,0.4108107089996338,0.5746558904647827,0.42222538590431213,0.5871171951293945,0.5963242650032043,2.3247487545013428,2.3359572887420654
1470,0.33270618319511414,0.3447670042514801,0.3503001928329468,0.3584185540676117,0.5351963639259338,0.4096754491329193,0.5735552310943604,0.42220690846443176,0.583652138710022,0.5907970666885376,2.3209009170532227,2.3323960304260254
1480,0.332733154296875,0.3449055850505829,0.3512153625488281,0.35942620038986206,0.5353056192398071,0.4108857810497284,0.5713366270065308,0.42237624526023865,0.5759178996086121,0.5850619673728943,2.3188183307647705,2.329730272293091
1490,0.33231547474861145,0.34446799755096436,0.3494524359703064,0.3583230972290039,0.53449547290802,0.4109962582588196,0.5710006952285767,0.423532098531723,0.5715588927268982,0.5808787941932678,2.313868522644043,2.3254623413085938
1500,0.33277878165245056,0.34529560804367065,0.3493047058582306,0.3580150306224823,0.5308030247688293,0.4098927974700928,0.567238986492157,0.4222415089607239,0.5686659812927246,0.577052891254425,2.311288595199585,2.322333335876465
1510,0.3323994576931,0.34616440534591675,0.3482573330402374,0.357271283864975,0.5292916297912598,0.4085148572921753,0.5668854713439941,0.4216569662094116,0.5605844259262085,0.5693950653076172,2.3074936866760254,2.3197526931762695
1520,0.3324166238307953,0.344839870929718,0.3493194878101349,0.3574237823486328,0.5286471247673035,0.40862542390823364,0.5670921802520752,0.420998752117157,0.5601692199707031,0.5687987208366394,2.3036916255950928,2.3157777786254883
1530,0.3320325016975403,0.3444473147392273,0.34829914569854736,0.3565071225166321,0.5299795866012573,0.40938055515289307,0.5659065842628479,0.42077702283859253,0.5560926198959351,0.5645670294761658,2.3005247116088867,2.312363624572754
1540,0.3320901095867157,0.3444499671459198,0.347189337015152,0.35571974515914917,0.5286217927932739,0.408560186624527,0.5613888502120972,0.4200803339481354,0.5475622415542603,0.5564507842063904,2.296496629714966,2.308154344558716
1550,0.33262118697166443,0.3448546528816223,0.348763108253479,0.356558233499527,0.5263087749481201,0.40824437141418457,0.560986340045929,0.41984042525291443,0.5448502898216248,0.5534589290618896,2.29447603225708,2.3049087524414062
1560,0.33202025294303894,0.34532400965690613,0.34656810760498047,0.3550885319709778,0.5236062407493591,0.40707337856292725,0.5587902665138245,0.4194764792919159,0.5413101315498352,0.5502611398696899,2.29083251953125,2.303346872329712
1570,0.3326186239719391,0.3443722128868103,0.34754177927970886,0.35651588439941406,0.5246977806091309,0.4081650674343109,0.5561865568161011,0.4185822308063507,0.5363667011260986,0.5462853312492371,2.2881276607513428,2.301412582397461
1580,0.33191174268722534,0.3448448181152344,0.348316490650177,0.3557705283164978,0.5256696939468384,0.4079013168811798,0.5586516261100769,0.41852667927742004,0.5357329845428467,0.5450753569602966,2.286468267440796,2.299276351928711
1590,0.33196473121643066,0.34415730834007263,0.34716132283210754,0.3552403151988983,0.5224023461341858,0.4071570932865143,0.5553157329559326,0.41926729679107666,0.5299547910690308,0.5386645793914795,2.284226655960083,2.296693801879883
1600,0.3316693902015686,0.34428054094314575,0.34680572152137756,0.3556830883026123,0.5213497281074524,0.40712887048721313,0.5517909526824951,0.41776353120803833,0.527396023273468,0.5357534289360046,2.2826216220855713,2.295316219329834
1610,0.33194637298583984,0.3439851999282837,0.34480926394462585,0.35324421525001526,0.5215024948120117,0.40688401460647583,0.5513259172439575,0.4176500737667084,0.5222378373146057,0.5320723652839661,2.2791125774383545,2.291562080383301
1620,0.3311839997768402,0.3436881899833679,0.3454281985759735,0.3539182245731354,0.5185548663139343,0.4071737229824066,0.5494141578674316,0.4165489673614502,0.5223310589790344,0.5318629741668701,2.2765917778015137,2.289083480834961
1630,0.33130943775177,0.34394967555999756,0.34576407074928284,0.3542161285877228,0.5168775320053101,0.4066380560398102,0.5488516092300415,0.41665658354759216,0.521392285823822,0.5304380059242249,2.2757043838500977,2.2887489795684814
1640,0.33117571473121643,0.3444352447986603,0.34525322914123535,0.3537941873073578,0.5172044038772583,0.40714219212532043,0.549222469329834,0.41731196641921997,0.5152996182441711,0.5242530703544617,2.2700493335723877,2.2829599380493164
1650,0.3305448889732361,0.34376388788223267,0.34503817558288574,0.3546164631843567,0.5169842839241028,0.40619704127311707,0.5463976860046387,0.41727641224861145,0.5147610306739807,0.5232542157173157,2.2693610191345215,2.2818832397460938
1660,0.3300168216228485,0.343347430229187,0.34467756748199463,0.3530887961387634,0.5166723132133484,0.40562862157821655,0.5484938621520996,0.41584107279777527,0.5136194825172424,0.522567868232727,2.268061637878418,2.2802867889404297
1670,0.33117973804473877,0.34322497248649597,0.34494560956954956,0.3533754348754883,0.5141996741294861,0.40551674365997314,0.5448201298713684,0.41512832045555115,0.5092207789421082,0.518613874912262,2.2645912170410156,2.277244806289673
1680,0.33139365911483765,0.3438723385334015,0.34521564841270447,0.3539015054702759,0.51398104429245,0.4044416844844818,0.54401695728302,0.4154370129108429,0.5076262950897217,0.515861451625824,2.264317750930786,2.276421070098877
1690,0.33117470145225525,0.3437858521938324,0.34404659271240234,0.35296493768692017,0.5129218697547913,0.40491336584091187,0.5420373678207397,0.4146149158477783,0.505974531173706,0.5151708722114563,2.2652060985565186,2.2774059772491455
1700,0.33034858107566833,0.34340545535087585,0.34499591588974,0.35360872745513916,0.5140361785888672,0.40510639548301697,0.5403395295143127,0.41420090198516846,0.5046231746673584,0.5132673382759094,2.259551525115967,2.2717761993408203
1710,0.33096861839294434,0.3436011075973511,0.344807505607605,0.3533385992050171,0.5122851729393005,0.40467754006385803,0.5423954725265503,0.4151987135410309,0.5019211173057556,0.5106691122055054,2.2573082447052,2.270256280899048
1720,0.33090928196907043,0.34334757924079895,0.34450972080230713,0.35323330760002136,0.5114545226097107,0.40453436970710754,0.5390746593475342,0.41375091671943665,0.49946799874305725,0.5088173151016235,2.2571074962615967,2.2693819999694824
1730,0.33019837737083435,0.3427484631538391,0.3445451855659485,0.3527858257293701,0.5102970004081726,0.4043215215206146,0.5382664203643799,0.4137837588787079,0.49765345454216003,0.5067863464355469,2.2532947063446045,2.2674033641815186
1740,0.3296867311000824,0.34382784366607666,0.3447427749633789,0.35330522060394287,0.5086705088615417,0.4036409258842468,0.5374753475189209,0.41447922587394714,0.49784842133522034,0.5069385170936584,2.252112627029419,2.2654426097869873
1750,0.3302324414253235,0.3426884114742279,0.34403640031814575,0.35194793343544006,0.5094783902168274,0.40440693497657776,0.5356512069702148,0.4129471480846405,0.49496570229530334,0.5027977228164673,2.2502148151397705,2.2623822689056396
1760,0.3302834630012512,0.3430602252483368,0.3433830738067627,0.3521508276462555,0.5084795951843262,0.4040900468826294,0.5347726941108704,0.41321519017219543,0.4948267340660095,0.5038514137268066,2.248483896255493,2.260462999343872
1770,0.3305555284023285,0.3427388072013855,0.3436850309371948,0.3526720106601715,0.5087185502052307,0.4049782156944275,0.5337574481964111,0.4129973351955414,0.49164730310440063,0.5008218288421631,2.2464826107025146,2.2599828243255615
1780,0.33019188046455383,0.3435420095920563,0.34483322501182556,0.3532438576221466,0.5053814053535461,0.40264439582824707,0.5322694182395935,0.4119359850883484,0.4903362989425659,0.4999997615814209,2.246262311935425,2.260045051574707
1790,0.32980528473854065,0.3429388403892517,0.3422035872936249,0.3516334295272827,0.5061199069023132,0.40373530983924866,0.5333484411239624,0.4101601839065552,0.4886399209499359,0.4980284571647644,2.242457866668701,2.256249189376831
1800,0.33021679520606995,0.34287720918655396,0.3422490656375885,0.3515661954879761,0.5063266754150391,0.4036230146884918,0.5271344780921936,0.4083879888057709,0.48889482021331787,0.49882957339286804,2.24039363861084,2.253436326980591
1810,0.3303973078727722,0.34312716126441956,0.34389981627464294,0.35263916850090027,0.5055437684059143,0.4040549397468567,0.5282081961631775,0.408153772354126,0.4879794418811798,0.4958638846874237,2.240548610687256,2.2531423568725586
1820,0.32968032360076904,0.3434706926345825,0.34372836351394653,0.353017657995224,0.5041171908378601,0.4039338231086731,0.5255909562110901,0.4081610441207886,0.48642992973327637,0.4943174123764038,2.2356183528900146,2.24958872795105
1830,0.32977113127708435,0.3421655297279358,0.34369224309921265,0.3522368371486664,0.5054470300674438,0.404206782579422,0.5280228853225708,0.40810057520866394,0.4848322570323944,0.4938872158527374,2.236412763595581,2.249469041824341
1840,0.32961761951446533,0.34277617931365967,0.3421129882335663,0.3509502708911896,0.5026369690895081,0.4031316637992859,0.525134801864624,0.4074389934539795,0.4836030602455139,0.49235355854034424,2.232586622238159,2.24471378326416
1850,0.32998716831207275,0.34293052554130554,0.34288159012794495,0.35175013542175293,0.5041356086730957,0.40288710594177246,0.5237717628479004,0.40813732147216797,0.4810384511947632,0.4909091591835022,2.232928991317749,2.2452635765075684
1860,0.32964804768562317,0.34222328662872314,0.34232598543167114,0.3505898416042328,0.501386821269989,0.4018203318119049,0.5254766345024109,0.40741288661956787,0.4808681607246399,0.48915988206863403,2.229602575302124,2.2418007850646973
1870,0.32955580949783325,0.34292706847190857,0.34208056330680847,0.3502093553543091,0.5027279257774353,0.4035674035549164,0.5222119688987732,0.40660935640335083,0.47897571325302124,0.4869873523712158,2.2280757427215576,2.239694118499756
1880,0.329218327999115,0.3417415916919708,0.34248077869415283,0.3520379364490509,0.5049851536750793,0.4033096432685852,0.5207326412200928,0.4072679281234741,0.479335755109787,0.48807868361473083,2.2258079051971436,2.2381691932678223
1890,0.32960936427116394,0.3432052731513977,0.3421960473060608,0.35059478878974915,0.5007056593894958,0.4024195969104767,0.5200585722923279,0.40664657950401306,0.4776952862739563,0.4858653247356415,2.2250711917877197,2.2378883361816406
1900,0.32897526025772095,0.342716246843338,0.342579185962677,0.35152190923690796,0.4999144673347473,0.4015882611274719,0.5193547606468201,0.4065535068511963,0.4761401116847992,0.48491397500038147,2.2266626358032227,2.2377641201019287
1910,0.32911407947540283,0.3421923816204071,0.3428122401237488,0.3513438403606415,0.49954086542129517,0.4026537239551544,0.518028199672699,0.40617379546165466,0.4755236804485321,0.4835742712020874,2.2216107845306396,2.2336723804473877
1920,0.32956331968307495,0.34290623664855957,0.3419289290904999,0.35099244117736816,0.4986807703971863,0.401877760887146,0.5180543065071106,0.40640121698379517,0.4748620092868805,0.48343563079833984,2.2212603092193604,2.2335569858551025
1930,0.329555869102478,0.342619925737381,0.342614084482193,0.35124102234840393,0.4996667802333832,0.40221714973449707,0.5173093676567078,0.40583375096321106,0.4720399081707001,0.48050686717033386,2.2243921756744385,2.2361626625061035
1940,0.32951927185058594,0.34238213300704956,0.3416129946708679,0.3504165709018707,0.4976215362548828,0.4011847674846649,0.5166767835617065,0.4056853950023651,0.47082874178886414,0.48007288575172424,2.2184462547302246,2.2295174598693848
1950,0.3288417160511017,0.34191977977752686,0.3418773412704468,0.3503153920173645,0.4972233474254608,0.4015463888645172,0.5144175887107849,0.40503260493278503,0.4708591401576996,0.4797922372817993,2.2165687084198,2.2291455268859863
1960,0.3291850984096527,0.34244710206985474,0.34109944105148315,0.35007813572883606,0.4981265664100647,0.401299387216568,0.5145125389099121,0.40529656410217285,0.4692946970462799,0.47828567028045654,2.2181012630462646,2.2304251194000244
1970,0.3290465474128723,0.3419399559497833,0.34058788418769836,0.3487197756767273,0.4963169991970062,0.4017462134361267,0.515541136264801,0.4052499830722809,0.4702526032924652,0.47972598671913147,2.2168571949005127,2.228353977203369
1980,0.3291172683238983,0.3418535590171814,0.3393274247646332,0.3485206663608551,0.49571937322616577,0.40151068568229675,0.5133717656135559,0.40516844391822815,0.4690631628036499,0.47693392634391785,2.214959144592285,2.2265923023223877
1990,0.32866278290748596,0.34275010228157043,0.3405810594558716,0.34899020195007324,0.4944424331188202,0.4008587896823883,0.5126779079437256,0.4049311578273773,0.4666428864002228,0.4756730794906616,2.2145345211029053,2.2254347801208496
2000,0.328726202249527,0.34184375405311584,0.3406645953655243,0.34913936257362366,0.49607715010643005,0.40106579661369324,0.5125434398651123,0.4041482210159302,0.46720650792121887,0.47647446393966675,2.212428569793701,2.2240662574768066
2010,0.3283171057701111,0.3427439033985138,0.34004801511764526,0.34871792793273926,0.4946545362472534,0.4009689390659332,0.5127443075180054,0.40432193875312805,0.46517413854599,0.4752221703529358,2.2132692337036133,2.2255477905273438
2020,0.3286378085613251,0.3419288396835327,0.34062281250953674,0.3483870327472687,0.4957502484321594,0.40172967314720154,0.5113198161125183,0.4031151831150055,0.46579742431640625,0.47334805130958557,2.2111475467681885,2.223283052444458
2030,0.3284323811531067,0.342367023229599,0.34058040380477905,0.34942904114723206,0.49386683106422424,0.4007743000984192,0.5109521746635437,0.4044128358364105,0.46434852480888367,0.472695916891098,2.208256721496582,2.2211899757385254
2040,0.32894977927207947,0.34175223112106323,0.339041143655777,0.3484758138656616,0.4942008852958679,0.40187209844589233,0.5098122358322144,0.4040127098560333,0.46234625577926636,0.471238911151886,2.207994222640991,2.2200400829315186
2050,0.3283146023750305,0.3424482047557831,0.3399679958820343,0.3488810658454895,0.4942948818206787,0.40106919407844543,0.5101448893547058,0.4043756127357483,0.4623468518257141,0.47146475315093994,2.208209276199341,2.221115827560425
2060,0.3282376229763031,0.3420398235321045,0.3392082154750824,0.3479849100112915,0.4934912919998169,0.40154972672462463,0.5087489485740662,0.4037024676799774,0.46216338872909546,0.4718557596206665,2.206641912460327,2.218249559402466
2070,0.32885676622390747,0.34168189764022827,0.3391924798488617,0.34821659326553345,0.4913266897201538,0.39983901381492615,0.5084659457206726,0.40404051542282104,0.46208930015563965,0.47056156396865845,2.205604076385498,2.217583656311035
2080,0.3288692235946655,0.3419414460659027,0.3389548063278198,0.34784045815467834,0.4912462532520294,0.40043753385543823,0.507758378982544,0.4031180143356323,0.4600943326950073,0.46851739287376404,2.204413890838623,2.217991352081299
2090,0.3279086947441101,0.3422219455242157,0.33824142813682556,0.3472825288772583,0.49128109216690063,0.3999217748641968,0.5063854455947876,0.403036504983902,0.4597668945789337,0.46996939182281494,2.202728033065796,2.2148826122283936
2100,0.32850363850593567,0.3421522080898285,0.33903050422668457,0.34807339310646057,0.4918481707572937,0.4010593891143799,0.5062072277069092,0.4031553566455841,0.4600083529949188,0.4678044617176056,2.203725814819336,2.2140276432037354
2110,0.3283977806568146,0.34200677275657654,0.3394971489906311,0.34792494773864746,0.4904857575893402,0.400498628616333,0.5050933361053467,0.4019124507904053,0.45938345789909363,0.46842917799949646,2.2019383907318115,2.2133636474609375
2120,0.328177273273468,0.34304359555244446,0.3393082022666931,0.3479667603969574,0.48987793922424316,0.39969974756240845,0.5050588250160217,0.4029656946659088,0.4598856270313263,0.4680798649787903,2.202176094055176,2.2130377292633057
2130,0.32809963822364807,0.3422936499118805,0.33850201964378357,0.3475113809108734,0.4891161620616913,0.3998539447784424,0.504294753074646,0.40291979908943176,0.45758384466171265,0.4658978283405304,2.201356887817383,2.212177276611328
2140,0.3282368779182434,0.3423694372177124,0.3396046459674835,0.348448783159256,0.48912712931632996,0.3991445302963257,0.504875123500824,0.4028404653072357,0.4560149312019348,0.46549758315086365,2.199551582336426,2.211071729660034
2150,0.32778507471084595,0.3421618640422821,0.3379221260547638,0.3479161858558655,0.48813530802726746,0.4005701541900635,0.5027778148651123,0.40288639068603516,0.4556902348995209,0.4640359580516815,2.1973025798797607,2.209477186203003
2160,0.32767707109451294,0.3418942391872406,0.3396035134792328,0.3474959433078766,0.4885956943035126,0.399351567029953,0.5032349228858948,0.4024158716201782,0.45565736293792725,0.4643704295158386,2.1998555660247803,2.211461067199707
2170,0.328257292509079,0.3421604633331299,0.33942684531211853,0.34756410121917725,0.48974835872650146,0.4008514881134033,0.5031081438064575,0.4026249051094055,0.4551842212677002,0.4639238119125366,2.198202610015869,2.20896053314209
2180,0.32795658707618713,0.3423677086830139,0.3384883403778076,0.3465852737426758,0.48830199241638184,0.40055206418037415,0.5025337934494019,0.4019090235233307,0.453120619058609,0.46243491768836975,2.195476770401001,2.2071449756622314
2190,0.3273882269859314,0.34192728996276855,0.3383065462112427,0.3462926745414734,0.4883648753166199,0.39936959743499756,0.5005159974098206,0.40148138999938965,0.45442306995391846,0.46298468112945557,2.1951208114624023,2.2056725025177
2200,0.327754944562912,0.3416729271411896,0.3379732072353363,0.3466656804084778,0.4872964024543762,0.39925530552864075,0.5009025931358337,0.40155312418937683,0.4528622031211853,0.4619472622871399,2.1965701580047607,2.207879066467285
2210,0.32776424288749695,0.34151434898376465,0.3395010232925415,0.34795382618904114,0.48677390813827515,0.3997849225997925,0.5020377039909363,0.4018251895904541,0.4526257812976837,0.46019700169563293,2.1945183277130127,2.205735206604004
2220,0.32818499207496643,0.3416997790336609,0.3386157155036926,0.34658434987068176,0.48605918884277344,0.4000924229621887,0.5019890666007996,0.40131404995918274,0.45167219638824463,0.46047672629356384,2.193530797958374,2.204571008682251
2230,0.328026682138443,0.3421352803707123,0.33917853236198425,0.34790247678756714,0.4858514368534088,0.39857006072998047,0.4993242025375366,0.4020945429801941,0.4515943229198456,0.4611915946006775,2.191277503967285,2.203115463256836
2240,0.3273959457874298,0.34112823009490967,0.33819445967674255,0.3475501239299774,0.4849715530872345,0.397947758436203,0.49939554929733276,0.4020688235759735,0.45063546299934387,0.459921658039093,2.1920793056488037,2.2036209106445312
2250,0.3277037739753723,0.3414514660835266,0.33786553144454956,0.34674397110939026,0.4842734634876251,0.3986087143421173,0.49839600920677185,0.4014313220977783,0.45090824365615845,0.4599703252315521,2.1903436183929443,2.201003313064575
2260,0.3268566131591797,0.341583251953125,0.33856430649757385,0.3478506803512573,0.4836677610874176,0.3986259698867798,0.49967876076698303,0.40230605006217957,0.4501451849937439,0.4595915973186493,2.187185764312744,2.197488307952881
2270,0.32769545912742615,0.3411869406700134,0.3374345302581787,0.3462269604206085,0.48364198207855225,0.3978707492351532,0.498468816280365,0.40126174688339233,0.44819337129592896,0.4579792320728302,2.1884407997131348,2.1992719173431396
2280,0.3277280330657959,0.3413011133670807,0.3374917209148407,0.34633341431617737,0.4826217591762543,0.397744357585907,0.49821436405181885,0.40137413144111633,0.4498531222343445,0.4584141671657562,2.185788631439209,2.197143793106079
2290,0.32782799005508423,0.3418407738208771,0.33690890669822693,0.3464806079864502,0.4814811646938324,0.3972246050834656,0.4973915219306946,0.40122246742248535,0.4480920433998108,0.4573122262954712,2.1871492862701416,2.1975035667419434
2300,0.32773861289024353,0.34198880195617676,0.3370921313762665,0.34620821475982666,0.48132747411727905,0.397632360458374,0.4959926903247833,0.4010275602340698,0.4480507969856262,0.4575483202934265,2.1869418621063232,2.196521043777466
2310,0.3275766670703888,0.34218189120292664,0.33754661679267883,0.34662166237831116,0.4813344478607178,0.39814841747283936,0.4964316487312317,0.4018109440803528,0.44640782475471497,0.45546218752861023,2.1881461143493652,2.199444532394409
2320,0.32725003361701965,0.3416471481323242,0.3374817967414856,0.3463035821914673,0.48173660039901733,0.39796558022499084,0.49656951427459717,0.40109267830848694,0.4465729594230652,0.45643603801727295,2.186044692993164,2.196974515914917
2330,0.32749122381210327,0.3414958119392395,0.3368377983570099,0.3459707498550415,0.4813638925552368,0.3976818025112152,0.4944704473018646,0.4013045132160187,0.4460441470146179,0.45503219962120056,2.184091567993164,2.1950931549072266
2340,0.3272493779659271,0.34217628836631775,0.33864012360572815,0.3469999432563782,0.48133811354637146,0.3973649740219116,0.49563512206077576,0.4004383087158203,0.44658786058425903,0.45510172843933105,2.182710886001587,2.1932730674743652
2350,0.32721343636512756,0.3418029844760895,0.3365885019302368,0.3451319932937622,0.48108330368995667,0.39693671464920044,0.49435916543006897,0.4001358151435852,0.4464457035064697,0.4553166627883911,2.181222915649414,2.1909635066986084
2360,0.32684800028800964,0.34136199951171875,0.33745521306991577,0.346627801656723,0.4798052906990051,0.3969567120075226,0.49447572231292725,0.40110188722610474,0.445342481136322,0.45453137159347534,2.182101249694824,2.1928491592407227
2370,0.32734206318855286,0.34041672945022583,0.33707138895988464,0.34523841738700867,0.4803828299045563,0.3976794481277466,0.4943701922893524,0.3997907340526581,0.4446828067302704,0.4537559151649475,2.1805832386016846,2.190322160720825
2380,0.3271641135215759,0.34160012006759644,0.3365528881549835,0.3453478217124939,0.4794791340827942,0.39636868238449097,0.4937126934528351,0.4006515443325043,0.4436109662055969,0.4531032145023346,2.179687738418579,2.1899890899658203
2390,0.32746151089668274,0.34124886989593506,0.3372257649898529,0.345467746257782,0.4785664677619934,0.39686131477355957,0.49476101994514465,0.4005453586578369,0.4432497024536133,0.4535963535308838,2.1791090965270996,2.190157175064087
2400,0.3276687264442444,0.3415299952030182,0.33647477626800537,0.3457361161708832,0.47917771339416504,0.39659473299980164,0.4930207431316376,0.400031179189682,0.4432476758956909,0.45266100764274597,2.176464080810547,2.186652898788452
2410,0.3266814947128296,0.3417277932167053,0.33744144439697266,0.34612154960632324,0.478475421667099,0.39642754197120667,0.49355900287628174,0.4005976915359497,0.44332873821258545,0.45256099104881287,2.181339740753174,2.192448616027832
2420,0.3277376890182495,0.3414227366447449,0.336938738822937,0.3449912667274475,0.47836244106292725,0.39678722620010376,0.4919494390487671,0.3993024528026581,0.44240525364875793,0.4522358179092407,2.17649245262146,2.1872260570526123
2430,0.32694751024246216,0.3418651521205902,0.3379940092563629,0.3463924527168274,0.47788840532302856,0.3970751166343689,0.49201691150665283,0.40032485127449036,0.4420284032821655,0.4512692391872406,2.175863742828369,2.1861963272094727
2440,0.3268495798110962,0.3413822650909424,0.3363216519355774,0.344939261674881,0.4773431718349457,0.3959008455276489,,,0.4425587058067322,0.45265787839889526,2.1765871047973633,2.1867830753326416
2450,0.3271384835243225,0.34221524000167847,0.3360929489135742,0.3450174629688263,0.4761294424533844,0.3965599834918976,,,0.4410431981086731,0.4501475989818573,2.1755685806274414,2.1846370697021484
2460,0.32712334394454956,0.3415375053882599,0.33625614643096924,0.34547919034957886,0.47678765654563904,0.3967720866203308,,,0.44025862216949463,0.44972819089889526,2.173907518386841,2.183412551879883
2470,0.3267216980457306,0.3415849208831787,0.33632057905197144,0.3450734615325928,0.4771466851234436,0.3963242471218109,,,0.4418899416923523,0.4509469270706177,2.174779176712036,2.1842753887176514
2480,0.3271060585975647,0.34094351530075073,0.33640044927597046,0.3453669250011444,0.4758865237236023,0.3962274193763733,,,0.43944549560546875,0.4489668011665344,2.172314405441284,2.1823835372924805
2490,0.32680267095565796,0.3412002623081207,0.33632171154022217,0.3456641733646393,0.4749303460121155,0.39591383934020996,,,0.4385533630847931,0.4487224817276001,2.1713836193084717,2.1813013553619385
2500,0.32662877440452576,0.34177613258361816,0.33583956956863403,0.3451826870441437,0.4759424924850464,0.39599528908729553,,,0.4394174814224243,0.4485781192779541,2.1705214977264404,2.1803345680236816
2510,0.3267279863357544,0.3407597243785858,0.33656856417655945,0.34452685713768005,0.4745108485221863,0.39572808146476746,,,0.4384227395057678,0.4484071433544159,2.1705727577209473,2.1804039478302
2520,0.32678526639938354,0.3409557640552521,0.33556050062179565,0.3450819253921509,0.4759865701198578,0.3960329294204712,,,0.4379756450653076,0.44666072726249695,2.1687116622924805,2.1792032718658447
2530,0.326188325881958,0.3420589566230774,0.336313396692276,0.3448004424571991,0.47504591941833496,0.39577242732048035,,,0.4378248453140259,0.4483102858066559,2.169650077819824,2.1803202629089355
2540,0.3261379897594452,0.34071651101112366,0.3365621566772461,0.3454829156398773,0.47546759247779846,0.3962688148021698,,,0.43681639432907104,0.4459235370159149,2.168975830078125,2.177896499633789
2550,0.3268045485019684,0.34150275588035583,0.3358302414417267,0.345299631357193,0.4752751290798187,0.3952944874763489,,,0.4376387298107147,0.4469260275363922,2.167414903640747,2.176382303237915
2560,0.325947642326355,0.34214717149734497,0.3363076150417328,0.34454718232154846,0.4738960266113281,0.39597800374031067,,,0.4361262619495392,0.44538024067878723,2.167867422103882,2.1782455444335938
2570,0.32618945837020874,0.3414008319377899,0.33661967515945435,0.3447478115558624,0.47339802980422974,0.394965261220932,,,0.43590718507766724,0.4450712502002716,2.1671929359436035,2.177067518234253
2580,0.32597219944000244,0.3411749303340912,0.33551710844039917,0.3448682129383087,0.47378334403038025,0.3956780731678009,,,0.4348026514053345,0.4445924460887909,2.1641228199005127,2.1739492416381836
2590,0.3263254463672638,0.34114569425582886,0.3354327082633972,0.3445076048374176,0.47253701090812683,0.39616721868515015,,,0.43436163663864136,0.44357284903526306,2.165792226791382,2.1747727394104004
2600,0.32654380798339844,0.34133395552635193,0.3359065353870392,0.344198077917099,0.4741257131099701,0.39542099833488464,,,0.4351409077644348,0.4442797005176544,2.165433406829834,2.175431251525879
2610,0.3261895477771759,0.34147006273269653,0.33639344573020935,0.3456253707408905,0.47364383935928345,0.39422816038131714,,,0.43376585841178894,0.4441019296646118,2.163426399230957,2.1733312606811523
2620,0.32647743821144104,0.34105467796325684,0.3363913595676422,0.3445964753627777,0.4726286828517914,0.39563727378845215,,,0.4335183799266815,0.44265156984329224,2.1631455421447754,2.1728010177612305
2630,0.32603132724761963,0.34158775210380554,0.33556777238845825,0.3442153036594391,0.47302764654159546,0.39529287815093994,,,0.43251147866249084,0.4430696964263916,2.1619532108306885,2.171766757965088
2640,0.32607710361480713,0.34101027250289917,0.33498847484588623,0.34499111771583557,0.47231385111808777,0.3956472873687744,,,0.43365296721458435,0.4426932632923126,2.1615569591522217,2.1707825660705566
2650,0.3262065649032593,0.3412984013557434,0.3362073600292206,0.34445419907569885,0.4719829559326172,0.39482611417770386,,,0.4320671856403351,0.4408561587333679,2.164242744445801,2.1736044883728027
2660,0.3262464106082916,0.342164546251297,0.3353661000728607,0.34377211332321167,0.4714885950088501,0.395246684551239,,,0.4320187270641327,0.4412061274051666,2.1628687381744385,2.1714141368865967
2670,0.3263181746006012,0.34183356165885925,0.3344716727733612,0.34374916553497314,0.4707717001438141,0.395361989736557,,,0.432189404964447,0.4423142671585083,2.161226511001587,2.169379711151123
2680,0.3258257210254669,0.34100010991096497,0.3349989652633667,0.3439638614654541,0.47147125005722046,0.39489781856536865,,,0.43131518363952637,0.44132480025291443,2.160151720046997,2.169523239135742
2690,0.3257586658000946,0.3414808213710785,0.33617129921913147,0.345121294260025,0.47068363428115845,0.39488914608955383,,,0.4309587776660919,0.4401600658893585,2.158837080001831,2.1685667037963867
2700,0.32606181502342224,0.3415144979953766,0.3341671824455261,0.3443829417228699,0.4707525670528412,0.39473438262939453,,,0.4304407835006714,0.44021308422088623,2.1595423221588135,2.1692440509796143
2710,0.32564353942871094,0.3419550061225891,0.33530932664871216,0.34399449825286865,0.4707251787185669,0.39418715238571167,,,0.42830026149749756,0.43853461742401123,2.1592085361480713,2.16780948638916
2720,0.3256717026233673,0.3403837978839874,0.3343290090560913,0.34400975704193115,0.4703945219516754,0.3954358696937561,,,0.42970848083496094,0.43961212038993835,2.1587750911712646,2.167494058609009
2730,0.32575592398643494,0.34159165620803833,0.33533236384391785,0.3441862463951111,0.47060003876686096,0.39441192150115967,,,0.4294570982456207,0.4388453960418701,2.155967950820923,2.165553569793701
2740,0.325745165348053,0.34103479981422424,0.334330290555954,0.3435579538345337,0.4693221151828766,0.3947361409664154,,,0.42747193574905396,0.4371638596057892,2.1553919315338135,2.1640164852142334
2750,0.3255056142807007,0.34135112166404724,0.3358505368232727,0.345088928937912,0.4691179692745209,0.3949786424636841,,,0.4269675016403198,0.43656960129737854,2.154214859008789,2.1633570194244385
2760,0.3258621096611023,0.34117648005485535,0.3357003927230835,0.3443586230278015,0.46943068504333496,0.39513832330703735,,,0.4267926812171936,0.4362390637397766,2.1542179584503174,2.1634435653686523
2770,0.3253518044948578,0.3409498929977417,0.33421486616134644,0.3430740237236023,0.4684144854545593,0.3942132294178009,,,0.4275934100151062,0.4382719099521637,2.154872417449951,2.1644341945648193
2780,0.32582733035087585,0.3423461616039276,0.33588603138923645,0.3444075882434845,0.4686938226222992,0.3943978548049927,,,0.4274975657463074,0.43689197301864624,2.154561996459961,2.163015842437744
2790,0.325982004404068,0.3407166302204132,0.3341696560382843,0.34376636147499084,0.46812957525253296,0.39468705654144287,,,0.42696207761764526,0.4364607334136963,2.1560564041137695,2.1648669242858887
2800,0.32586470246315,0.3410762846469879,0.3356841802597046,0.34538280963897705,0.4676012694835663,0.39389148354530334,,,0.42541801929473877,0.43674805760383606,2.1515564918518066,2.1617231369018555
2810,0.3254149556159973,0.34129318594932556,0.3341445028781891,0.3430686593055725,0.4676002562046051,0.39473143219947815,,,0.42571747303009033,0.4358263313770294,2.1529273986816406,2.1627092361450195
2820,0.3261452913284302,0.34169378876686096,0.334920197725296,0.34419384598731995,0.4672447443008423,0.3940943479537964,,,0.4262178838253021,0.43592849373817444,2.1527793407440186,2.1622064113616943
2830,0.32527634501457214,0.3416805565357208,0.33403387665748596,0.34343013167381287,0.4668930768966675,0.3937746286392212,,,0.4260671138763428,0.4365699291229248,2.1495370864868164,2.158827066421509
2840,0.32555919885635376,0.34138262271881104,0.3363824188709259,0.3458349108695984,0.46692168712615967,0.3943004906177521,,,0.42592883110046387,0.4354475438594818,2.1507556438446045,2.159320592880249
2850,0.3254123628139496,0.3414682149887085,0.3343125581741333,0.3438446521759033,0.4662271738052368,0.3939000964164734,,,0.4244123101234436,0.43456795811653137,2.1499621868133545,2.158190965652466
2860,0.32542553544044495,0.3418118357658386,0.33453619480133057,0.34350529313087463,0.46745118498802185,0.3935799300670624,,,0.42435958981513977,0.4332379400730133,2.149031162261963,2.157902479171753
2870,0.3253139555454254,0.34094297885894775,0.3343215882778168,0.3436112105846405,0.46861058473587036,0.39468392729759216,,,0.4241711497306824,0.4337407946586609,2.1506853103637695,2.1596291065216064
2880,0.32545849680900574,0.3422350287437439,0.33358120918273926,0.34316307306289673,0.4670484662055969,0.39361298084259033,,,0.4231327176094055,0.43377968668937683,2.1476197242736816,2.1556551456451416
2890,0.32521700859069824,0.3415147364139557,0.33399584889411926,0.34266701340675354,0.4672669470310211,0.3939671218395233,,,0.42321541905403137,0.4335916042327881,2.149188280105591,2.1578903198242188
2900,0.32526788115501404,0.34182098507881165,0.33340492844581604,0.34297358989715576,0.466389924287796,0.39344868063926697,,,0.4229395389556885,0.43271374702453613,2.150088310241699,2.1581344604492188
2910,0.32587960362434387,0.34127312898635864,0.3334059417247772,0.3428712487220764,0.4663481116294861,0.39338916540145874,,,0.42275360226631165,0.43384209275245667,2.146371364593506,2.1542861461639404
2920,0.32539910078048706,0.34191763401031494,0.3343769907951355,0.34386321902275085,0.46571967005729675,0.39339810609817505,,,0.42229220271110535,0.43249672651290894,2.144526720046997,2.153111457824707
2930,0.3253724277019501,0.3422766625881195,0.33401384949684143,0.3427751064300537,0.46637439727783203,0.39250868558883667,,,0.4226870834827423,0.43265190720558167,2.143620491027832,2.1517491340637207
2940,0.32539939880371094,0.3415590524673462,0.33397620916366577,0.34253448247909546,0.46556296944618225,0.3935231864452362,,,0.42155173420906067,0.4322381913661957,2.1437127590179443,2.150853395462036
2950,0.325400173664093,0.341071218252182,0.33360591530799866,0.34279486536979675,0.46626386046409607,0.3929241895675659,,,0.42205795645713806,0.4326554238796234,2.144277334213257,2.153156280517578
2960,0.325374037027359,0.34135255217552185,0.3350523114204407,0.34435829520225525,0.46507275104522705,0.39294910430908203,,,0.42168131470680237,0.43189266324043274,2.142634391784668,2.1514766216278076
2970,0.3257380425930023,0.34134429693222046,0.33316344022750854,0.34340789914131165,0.4649522006511688,0.39309465885162354,,,0.4208662509918213,0.43135130405426025,2.144420862197876,2.15181303024292
2980,0.32500624656677246,0.3420203924179077,0.3341514468193054,0.3425213098526001,0.4640185534954071,0.3932184875011444,,,0.4194543957710266,0.42974647879600525,2.1426379680633545,2.151015281677246
2990,0.324960857629776,0.34093135595321655,0.33382171392440796,0.3429248034954071,,,,,0.4201352596282959,0.4291476011276245,2.1400647163391113,2.1485118865966797
3000,0.3249587118625641,0.341800719499588,0.33417513966560364,0.34305956959724426,,,,,0.42030638456344604,0.4296766519546509,2.1411631107330322,2.149273633956909
3010,0.32443442940711975,0.3411708176136017,0.33347439765930176,0.3426094949245453,,,,,0.42143571376800537,0.4311431050300598,2.140064239501953,2.1479110717773438
3020,0.32438743114471436,0.3413558304309845,0.33372658491134644,0.3434206247329712,,,,,0.41913673281669617,0.42913901805877686,2.1389195919036865,2.14643931388855
3030,0.3250027894973755,0.34159836173057556,0.33341121673583984,0.34271201491355896,,,,,0.4185197353363037,0.42865073680877686,2.1381680965423584,2.1473748683929443
3040,0.325453519821167,0.3426273763179779,0.333522230386734,0.34298786520957947,,,,,0.4182492196559906,0.42778998613357544,2.1367788314819336,2.1438944339752197
3050,0.3246488869190216,0.34231430292129517,0.3340950310230255,0.34294798970222473,,,,,0.41764071583747864,0.42820248007774353,2.1357030868530273,2.1441097259521484
3060,0.32522284984588623,0.3407766819000244,0.332764208316803,0.34207600355148315,,,,,0.4182237982749939,0.42802464962005615,2.1339659690856934,2.1426939964294434
3070,0.32468482851982117,0.3418004512786865,0.33317244052886963,0.34276512265205383,,,,,0.41902855038642883,0.4282273054122925,2.1330814361572266,2.141021490097046
3080,0.32507777214050293,0.3416428864002228,0.33349791169166565,0.341724693775177,,,,,0.41804444789886475,0.4281501770019531,2.1309661865234375,2.139460325241089
3090,0.3248406946659088,0.34157368540763855,0.333931565284729,0.34252020716667175,,,,,0.4179476499557495,0.42740318179130554,2.132664918899536,2.140096426010132
3100,0.324868381023407,0.3413354158401489,0.33309340476989746,0.3414668142795563,,,,,0.4166741967201233,0.42708447575569153,2.132073402404785,2.138608455657959
3110,0.32492420077323914,0.3416857421398163,0.3349047601222992,0.34353774785995483,,,,,0.41668903827667236,0.42626267671585083,2.1319005489349365,2.1382205486297607
3120,0.3247555196285248,0.3417084515094757,0.3332308232784271,0.3426769971847534,,,,,0.4156379699707031,0.42594805359840393,2.129063367843628,2.136986494064331
3130,0.32421669363975525,0.34145161509513855,,,,,,,0.41630104184150696,0.42728191614151,2.1276962757110596,2.135594129562378
3140,0.3243972361087799,0.341675341129303,,,,,,,0.41534101963043213,0.424403578042984,2.1269450187683105,2.1340863704681396
3150,0.32433921098709106,0.3415887951850891,,,,,,,0.41612347960472107,0.42561888694763184,2.123284101486206,2.131831645965576
3160,0.32421875,0.3424121141433716,,,,,,,0.4147202968597412,0.42540663480758667,2.12455415725708,2.1327362060546875
3170,0.32454317808151245,0.3417486250400543,,,,,,,0.4143718481063843,0.4241914451122284,2.1232407093048096,2.1306257247924805
3180,0.32385215163230896,0.34195059537887573,,,,,,,0.41570794582366943,0.4244406223297119,2.1236908435821533,2.1307928562164307
3190,0.32429978251457214,0.34144264459609985,,,,,,,0.41575857996940613,0.42570042610168457,2.12186336517334,2.129307985305786
3200,0.32409340143203735,0.34190094470977783,,,,,,,0.4136792719364166,0.4235198497772217,2.1209757328033447,2.1293530464172363
3210,0.3245243728160858,0.3414677083492279,,,,,,,0.4140434265136719,0.4233757257461548,2.1191375255584717,2.1260030269622803
3220,0.3245898187160492,0.3417409062385559,,,,,,,0.4146735370159149,0.4246375560760498,2.117804527282715,2.1250181198120117
3230,0.3244268298149109,0.3426641821861267,,,,,,,0.4135254919528961,0.4233885705471039,2.1198983192443848,2.126112461090088
3240,0.32390621304512024,0.34209561347961426,,,,,,,0.4141891598701477,0.4230806231498718,2.117657423019409,2.1242196559906006
3250,0.3242357671260834,0.3417408764362335,,,,,,,0.41371577978134155,0.4236215353012085,2.118760108947754,2.1255688667297363
3260,0.32434991002082825,0.3424305021762848,,,,,,,0.4132523238658905,0.42330050468444824,2.111826181411743,2.1189794540405273
3270,0.32370203733444214,0.34187769889831543,,,,,,,0.4147528409957886,0.42418524622917175,2.1151273250579834,2.121995687484741
3280,0.3238771855831146,0.3425386846065521,,,,,,,0.41160720586776733,0.4215458035469055,2.1135129928588867,2.1188061237335205
3290,0.3244946300983429,0.3415029048919678,,,,,,,0.4115031361579895,0.42120593786239624,2.1114842891693115,2.119011163711548
3300,0.32390305399894714,0.34246155619621277,,,,,,,0.41077864170074463,0.4201240837574005,2.110731601715088,2.117321491241455
3310,0.32452693581581116,0.34137287735939026,,,,,,,0.41211116313934326,0.4220739006996155,2.1090261936187744,2.1157970428466797
3320,0.32428374886512756,0.34220024943351746,,,,,,,0.4103272259235382,0.42119884490966797,2.10882306098938,2.116816759109497
3330,0.3238743245601654,0.34234267473220825,,,,,,,0.4115952253341675,0.4214003086090088,2.106348991394043,2.1142215728759766
3340,0.3237476050853729,0.34143170714378357,,,,,,,0.4115715026855469,0.4205460250377655,2.108038902282715,2.1150174140930176
3350,0.32409799098968506,0.3423228859901428,,,,,,,0.4103941023349762,0.4206143915653229,2.1035823822021484,2.111182451248169
3360,0.32353347539901733,0.3422650098800659,,,,,,,0.4099251627922058,0.41989830136299133,2.105102777481079,2.1119086742401123
3370,0.3235465884208679,0.3425769805908203,,,,,,,0.40930771827697754,0.41930630803108215,2.1046359539031982,2.111834764480591
3380,0.3240663409233093,0.34217602014541626,,,,,,,0.4091796576976776,0.4191383719444275,2.104147434234619,2.1111083030700684
3390,0.3237549662590027,0.3419246971607208,,,,,,,0.4104269742965698,0.4204864799976349,2.1037681102752686,2.1095571517944336
3400,0.3234690725803375,0.3422441780567169,,,,,,,0.409464955329895,0.4197707772254944,2.0993432998657227,2.1057076454162598
3410,0.3233829140663147,0.34211045503616333,,,,,,,0.409697562456131,0.41958218812942505,2.0984694957733154,2.1046178340911865
3420,0.3235221803188324,0.34240952134132385,,,,,,,0.4091678261756897,0.41868695616722107,2.102654457092285,2.1098556518554688
3430,0.32349860668182373,0.34179869294166565,,,,,,,0.4083855152130127,0.4188880920410156,2.0999879837036133,2.106389284133911
3440,0.3232465386390686,0.3420286178588867,,,,,,,0.4086749255657196,0.417589008808136,2.098635673522949,2.104480266571045
3450,0.3227345943450928,0.34229767322540283,,,,,,,0.4086368978023529,0.4184553921222687,2.098116397857666,2.104248046875
3460,0.3228819966316223,0.342073529958725,,,,,,,0.40866467356681824,0.4182907044887543,2.0969033241271973,2.104351043701172
3470,0.3234899938106537,0.34200775623321533,,,,,,,0.4080555737018585,0.4170385003089905,2.093520164489746,2.09887433052063
3480,0.32323765754699707,0.3423911929130554,,,,,,,0.40849289298057556,0.4179172217845917,2.0944032669067383,2.1006319522857666
3490,0.32312771677970886,0.3419528603553772,,,,,,,0.4081752300262451,0.4179248809814453,2.0928876399993896,2.099597215652466
3500,0.32294273376464844,0.3425074815750122,,,,,,,0.40813517570495605,0.41840943694114685,2.0930042266845703,2.099900245666504
3510,0.32299476861953735,0.3428889513015747,,,,,,,,,2.091999053955078,2.0986037254333496
3520,0.3236508071422577,0.34182441234588623,,,,,,,,,2.092578649520874,2.0986807346343994
3530,0.3231552839279175,0.34168875217437744,,,,,,,,,2.0920324325561523,2.098021984100342
3540,0.3231065273284912,0.3422713875770569,,,,,,,,,2.089743137359619,2.096648931503296
3550,0.32311561703681946,0.34219351410865784,,,,,,,,,2.0875322818756104,2.093330144882202
3560,0.32313358783721924,0.3421677350997925,,,,,,,,,2.0872058868408203,2.093899726867676
3570,0.3227440118789673,0.3418746292591095,,,,,,,,,2.08718204498291,2.0937089920043945
3580,0.32299137115478516,0.3421987295150757,,,,,,,,,2.0851938724517822,2.0918898582458496
3590,0.32260647416114807,0.3420710861682892,,,,,,,,,2.085331678390503,2.091714382171631
3600,0.32268890738487244,0.3426114320755005,,,,,,,,,2.0874624252319336,2.0933961868286133
3610,0.322601854801178,0.3426317572593689,,,,,,,,,2.082632541656494,2.0889365673065186
3620,0.3225999176502228,0.342321515083313,,,,,,,,,2.0828664302825928,2.088772773742676
3630,0.3225337564945221,0.34246617555618286,,,,,,,,,2.083930730819702,2.0903475284576416
3640,0.32295361161231995,0.34203505516052246,,,,,,,,,2.0838258266448975,2.089104652404785
3650,0.32340118288993835,0.34253180027008057,,,,,,,,,2.08024263381958,2.0862643718719482
3660,0.32266008853912354,0.3427793085575104,,,,,,,,,2.0792369842529297,2.0866570472717285
3670,0.322569876909256,0.3429023027420044,,,,,,,,,2.0788159370422363,2.0851998329162598
3680,0.32178929448127747,0.34215399622917175,,,,,,,,,2.0779919624328613,2.083545207977295
3690,0.32223770022392273,0.34280842542648315,,,,,,,,,2.077901601791382,2.085160255432129
3700,0.3229040801525116,0.3426949381828308,,,,,,,,,2.079578399658203,2.0867679119110107
3710,0.32233235239982605,0.34290337562561035,,,,,,,,,2.076695203781128,2.083042860031128
3720,0.32213065028190613,0.3427598178386688,,,,,,,,,2.075705051422119,2.0822296142578125
3730,0.32234153151512146,0.3437398672103882,,,,,,,,,2.075111150741577,2.0820980072021484
3740,0.3218187391757965,0.3427717089653015,,,,,,,,,2.07523512840271,2.0818324089050293
3750,0.3220093548297882,0.3426826000213623,,,,,,,,,2.07315731048584,2.080409049987793
3760,0.3225078582763672,0.34322893619537354,,,,,,,,,2.0720815658569336,2.0782601833343506
3770,0.32218363881111145,0.3431778848171234,,,,,,,,,2.072575092315674,2.078932046890259
3780,0.3221641182899475,0.3431876301765442,,,,,,,,,2.0710387229919434,2.0785233974456787
3790,0.3222217559814453,0.34326884150505066,,,,,,,,,2.0697648525238037,2.0758888721466064
3800,0.3220479488372803,0.3434368073940277,,,,,,,,,2.072064161300659,2.077744960784912
3810,0.3219861090183258,0.3428419828414917,,,,,,,,,2.0710506439208984,2.0771524906158447
3820,0.3222104012966156,0.3426647186279297,,,,,,,,,2.0673019886016846,2.0737504959106445
3830,0.3220396935939789,0.34203946590423584,,,,,,,,,2.0679128170013428,2.073598861694336
3840,0.3217689096927643,0.3433871865272522,,,,,,,,,2.066528797149658,2.072208881378174
3850,0.3226073086261749,0.343067467212677,,,,,,,,,2.0656445026397705,2.072457790374756
3860,0.3216034770011902,0.34378954768180847,,,,,,,,,2.0619688034057617,2.0685508251190186
3870,0.32135626673698425,0.34353184700012207,,,,,,,,,2.0626392364501953,2.0685791969299316
3880,0.32216566801071167,0.3426688015460968,,,,,,,,,2.062291383743286,2.06908917427063
3890,0.32119467854499817,0.343048095703125,,,,,,,,,2.0618460178375244,2.069030523300171
3900,0.3216904103755951,0.3433113396167755,,,,,,,,,2.061325788497925,2.066974401473999
3910,0.3217053711414337,0.34321022033691406,,,,,,,,,2.060791015625,2.066605567932129
3920,0.3213714361190796,0.3436034321784973,,,,,,,,,2.0566511154174805,2.062098741531372
3930,0.32093051075935364,0.3432565927505493,,,,,,,,,2.0567591190338135,2.0634186267852783
3940,0.32082420587539673,0.3428068161010742,,,,,,,,,2.057061195373535,2.062864065170288
3950,0.3207165002822876,0.34328693151474,,,,,,,,,2.0568201541900635,2.062382221221924
3960,0.3210047483444214,0.3433404266834259,,,,,,,,,2.0554754734039307,2.0628507137298584
3970,0.32089346647262573,0.34286221861839294,,,,,,,,,2.0535974502563477,2.061183214187622
3980,0.32048091292381287,0.3435998558998108,,,,,,,,,2.0534098148345947,2.05930757522583
3990,0.32083651423454285,0.3439631760120392,,,,,,,,,2.0534348487854004,2.059264898300171
4000,0.32144883275032043,0.3445083200931549,,,,,,,,,2.0526537895202637,2.0588228702545166
4010,0.3210626542568207,0.3433725833892822,,,,,,,,,2.0502490997314453,2.0570602416992188
4020,0.3203818202018738,0.34318268299102783,,,,,,,,,2.0465383529663086,2.051581859588623
4030,0.3209265172481537,0.34340012073516846,,,,,,,,,2.0472731590270996,2.0533523559570312
4040,0.32089775800704956,0.3443011939525604,,,,,,,,,2.0484750270843506,2.0535943508148193
4050,0.320450097322464,0.3435181677341461,,,,,,,,,2.045123338699341,2.052187442779541
4060,0.32070299983024597,0.34313464164733887,,,,,,,,,2.044529438018799,2.050541639328003
4070,0.32032957673072815,0.3430475890636444,,,,,,,,,2.041226387023926,2.0474693775177
4080,0.32088974118232727,0.34384018182754517,,,,,,,,,2.043226718902588,2.0503270626068115
4090,0.3205444812774658,0.3433103561401367,,,,,,,,,2.0391504764556885,2.046745538711548
4100,0.32046040892601013,0.3432965576648712,,,,,,,,,2.0377376079559326,2.0446999073028564
4110,0.31978628039360046,0.3433307409286499,,,,,,,,,2.036719560623169,2.0436959266662598
4120,0.3195455074310303,0.343595415353775,,,,,,,,,2.0345914363861084,2.0413460731506348
4130,0.3199215531349182,0.3433109521865845,,,,,,,,,2.0367865562438965,2.043304920196533
4140,0.31984442472457886,0.3442264497280121,,,,,,,,,2.0346405506134033,2.0408740043640137
4150,0.3196878135204315,0.3433842360973358,,,,,,,,,2.0307140350341797,2.038550615310669
4160,0.3199574649333954,0.34344035387039185,,,,,,,,,2.0295560359954834,2.0362606048583984
4170,0.3196917772293091,0.3443172574043274,,,,,,,,,2.031365394592285,2.038601875305176
4180,0.3193676769733429,0.3443170487880707,,,,,,,,,2.02708101272583,2.034553289413452
4190,0.31904497742652893,0.34381720423698425,,,,,,,,,2.027456521987915,2.034956455230713
4200,0.31968066096305847,0.3442212641239166,,,,,,,,,2.0226402282714844,2.0306334495544434
4210,0.3192872703075409,0.34439799189567566,,,,,,,,,2.027255058288574,2.0346262454986572
4220,0.31905293464660645,0.34295228123664856,,,,,,,,,2.0227036476135254,2.0310230255126953
4230,0.3192499279975891,0.3454035818576813,,,,,,,,,2.0207369327545166,2.0287177562713623
4240,0.3193691372871399,0.34476372599601746,,,,,,,,,2.0203092098236084,2.0285372734069824
4250,0.31924882531166077,0.3446998596191406,,,,,,,,,2.0194103717803955,2.0276033878326416
4260,0.31938573718070984,0.3439936339855194,,,,,,,,,2.0188064575195312,2.0278525352478027
4270,0.31932440400123596,0.3439888656139374,,,,,,,,,2.015017509460449,2.0228958129882812
4280,0.3191527724266052,0.34408214688301086,,,,,,,,,2.012761116027832,2.0196733474731445
4290,0.31868255138397217,0.3441295325756073,,,,,,,,,2.0142362117767334,2.02262544631958
4300,0.31891655921936035,0.3442477285861969,,,,,,,,,2.0079054832458496,2.016833543777466
4310,0.31931614875793457,0.3441479504108429,,,,,,,,,2.011514663696289,2.017486572265625
4320,0.31884852051734924,0.3446423411369324,,,,,,,,,2.0121753215789795,2.0196404457092285
4330,0.3184435963630676,0.34574875235557556,,,,,,,,,2.0046281814575195,2.0129218101501465
4340,0.3187722861766815,0.3451687693595886,,,,,,,,,2.003141164779663,2.0122714042663574
4350,0.3181937336921692,0.34517332911491394,,,,,,,,,2.005392074584961,2.0124263763427734
4360,0.3183486759662628,0.34459736943244934,,,,,,,,,2.002584218978882,2.009944438934326
4370,0.3189772963523865,0.34525421261787415,,,,,,,,,2.0017523765563965,2.008221387863159
4380,0.3187083899974823,0.34464332461357117,,,,,,,,,1.9979047775268555,2.00614070892334
4390,0.3178848922252655,0.34442877769470215,,,,,,,,,1.9993460178375244,2.0066912174224854
4400,0.31788957118988037,0.3455599844455719,,,,,,,,,1.9953898191452026,2.0032243728637695
4410,0.31833386421203613,0.3455035388469696,,,,,,,,,1.995172381401062,2.0018434524536133
4420,0.3180468678474426,0.34607890248298645,,,,,,,,,1.9907575845718384,1.9993075132369995
4430,0.31810227036476135,0.3453007936477661,,,,,,,,,1.991938591003418,1.9994163513183594
4440,0.31802546977996826,0.3451378643512726,,,,,,,,,1.9898042678833008,1.998041033744812
4450,0.31767261028289795,0.3447907567024231,,,,,,,,,1.989412784576416,1.997615933418274
4460,0.31766411662101746,0.34500977396965027,,,,,,,,,1.9868472814559937,1.9950628280639648
4470,0.3175404667854309,0.3451213836669922,,,,,,,,,1.9857829809188843,1.9936742782592773
4480,0.31744784116744995,0.3455697000026703,,,,,,,,,1.9882879257202148,1.996384859085083
4490,0.31710055470466614,0.3454512655735016,,,,,,,,,1.9822096824645996,1.988564133644104
4500,0.3174934387207031,0.3453267216682434,,,,,,,,,1.978043794631958,1.9858288764953613
4510,0.3166828453540802,0.3450073301792145,,,,,,,,,1.9787161350250244,1.9863227605819702
4520,0.3170894980430603,0.3456796407699585,,,,,,,,,1.9762852191925049,1.9834442138671875
4530,0.31704339385032654,0.3449461758136749,,,,,,,,,1.9706295728683472,1.9788196086883545
4540,0.3165789544582367,0.3445438742637634,,,,,,,,,1.9728987216949463,1.980580449104309
4550,0.3169536292552948,0.3451573848724365,,,,,,,,,1.9694422483444214,1.9772329330444336
4560,0.31649723649024963,0.34617477655410767,,,,,,,,,1.9689538478851318,1.9771816730499268
4570,0.3165602385997772,0.34519657492637634,,,,,,,,,1.967408299446106,1.9753118753433228
4580,0.31620338559150696,0.3465034067630768,,,,,,,,,1.962607979774475,1.9718512296676636
4590,0.3161165714263916,0.346272736787796,,,,,,,,,1.9603157043457031,1.9688737392425537
4600,0.3164057731628418,0.3462468385696411,,,,,,,,,1.9636584520339966,1.9709577560424805
4610,0.3159995377063751,0.3464430868625641,,,,,,,,,1.9556701183319092,1.9631694555282593
4620,0.31625163555145264,0.34620362520217896,,,,,,,,,1.9553340673446655,1.9644774198532104
4630,0.3157065808773041,0.34612107276916504,,,,,,,,,1.9555050134658813,1.9637843370437622
4640,0.31618499755859375,0.34649184346199036,,,,,,,,,1.9537489414215088,1.960890531539917
4650,0.3161598742008209,0.34638693928718567,,,,,,,,,1.9496749639511108,1.9570252895355225
4660,0.31553182005882263,0.3454611301422119,,,,,,,,,1.9511044025421143,1.9581875801086426
4670,0.31619489192962646,0.34624505043029785,,,,,,,,,1.9507098197937012,1.9570449590682983
4680,0.31586992740631104,0.3459845781326294,,,,,,,,,1.9424176216125488,1.9513673782348633
4690,0.31588301062583923,0.3461880385875702,,,,,,,,,1.947119951248169,1.9554774761199951
4700,0.3160580098628998,0.3456602990627289,,,,,,,,,1.9421902894973755,1.9508236646652222
4710,0.3157956600189209,0.3463829457759857,,,,,,,,,1.9389077425003052,1.9462391138076782
4720,0.31523680686950684,0.34696513414382935,,,,,,,,,1.9353251457214355,1.9425448179244995
4730,0.31515803933143616,0.3469535708427429,,,,,,,,,1.9357341527938843,1.9424431324005127
4740,0.31582948565483093,0.34748005867004395,,,,,,,,,1.933096170425415,1.940129041671753
4750,0.3154418170452118,0.3474584221839905,,,,,,,,,1.9337369203567505,1.9398775100708008
4760,0.3146953880786896,0.3458518981933594,,,,,,,,,1.9266228675842285,1.9336535930633545
4770,0.3144174814224243,0.34554755687713623,,,,,,,,,1.9271409511566162,1.934929370880127
4780,0.3146870732307434,0.3455849587917328,,,,,,,,,1.9290837049484253,1.935753583908081
4790,0.31444674730300903,0.3472784757614136,,,,,,,,,1.9212629795074463,1.9292521476745605
4800,0.31445637345314026,0.3464125394821167,,,,,,,,,1.9185307025909424,1.9258439540863037
4810,0.3143532872200012,0.3461207449436188,,,,,,,,,1.9186123609542847,1.9250762462615967
4820,0.3146396577358246,0.34568554162979126,,,,,,,,,1.9148799180984497,1.921471357345581
4830,0.3145286440849304,0.34636691212654114,,,,,,,,,1.9199644327163696,1.9252421855926514
4840,0.31409579515457153,0.3472141921520233,,,,,,,,,1.9131420850753784,1.9191012382507324
4850,0.3135250210762024,0.34682032465934753,,,,,,,,,1.9166902303695679,1.9235023260116577
